subject,entry,read_by
bore-static-seq,AT_SYSINFO_EHDR,(the executable):_dl_aux_init
bore-static-seq,AT_MINSIGSTKSZ,(the executable):_dl_aux_init
bore-static-seq,AT_HWCAP,(the executable):_dl_aux_init
bore-static-seq,AT_PAGESZ,(the executable):_dl_aux_init
bore-static-seq,AT_CLKTCK,(the executable):_dl_aux_init
bore-static-seq,AT_PHDR,(the executable):_dl_aux_init
bore-static-seq,AT_PHENT,(the executable):_dl_aux_init
bore-static-seq,AT_PHNUM,(the executable):_dl_aux_init
bore-static-seq,AT_BASE,(the executable):_dl_aux_init
bore-static-seq,AT_FLAGS,(the executable):_dl_aux_init
bore-static-seq,AT_ENTRY,(the executable):_dl_aux_init
bore-static-seq,AT_UID,(the executable):_dl_aux_init
bore-static-seq,AT_EUID,(the executable):_dl_aux_init
bore-static-seq,AT_GID,(the executable):_dl_aux_init
bore-static-seq,AT_EGID,(the executable):_dl_aux_init
bore-static-seq,AT_SECURE,(the executable):_dl_aux_init
bore-static-seq,AT_RANDOM,(the executable):_dl_aux_init
bore-static-seq,AT_HWCAP2,(the executable):_dl_aux_init
bore-static-seq,AT_EXECFN,(the executable):_dl_aux_init
bore-static-seq,AT_PLATFORM,(the executable):_dl_aux_init
bore-static-seq,AT_RSEQ_FEATURE_SIZE,(the executable):_dl_aux_init
bore-static-seq,AT_RSEQ_ALIGN,(the executable):_dl_aux_init
bore-dyn-seq,AT_SYSINFO_EHDR,ld-linux-x86-64.so.2:0x7ffff7fde30b
bore-dyn-seq,AT_MINSIGSTKSZ,ld-linux-x86-64.so.2:0x7ffff7fde30b
bore-dyn-seq,AT_HWCAP,ld-linux-x86-64.so.2:0x7ffff7fde30b
bore-dyn-seq,AT_PAGESZ,ld-linux-x86-64.so.2:0x7ffff7fde30b
bore-dyn-seq,AT_CLKTCK,ld-linux-x86-64.so.2:0x7ffff7fde30b
bore-dyn-seq,AT_PHDR,ld-linux-x86-64.so.2:0x7ffff7fde30b
bore-dyn-seq,AT_PHENT,ld-linux-x86-64.so.2:0x7ffff7fde30b
bore-dyn-seq,AT_PHNUM,ld-linux-x86-64.so.2:0x7ffff7fde30b
bore-dyn-seq,AT_BASE,ld-linux-x86-64.so.2:0x7ffff7fde30b
bore-dyn-seq,AT_FLAGS,ld-linux-x86-64.so.2:0x7ffff7fde30b
bore-dyn-seq,AT_ENTRY,ld-linux-x86-64.so.2:0x7ffff7fde30b
bore-dyn-seq,AT_UID,ld-linux-x86-64.so.2:0x7ffff7fde30b
bore-dyn-seq,AT_EUID,ld-linux-x86-64.so.2:0x7ffff7fde30b
bore-dyn-seq,AT_GID,ld-linux-x86-64.so.2:0x7ffff7fde30b
bore-dyn-seq,AT_EGID,ld-linux-x86-64.so.2:0x7ffff7fde30b
bore-dyn-seq,AT_SECURE,ld-linux-x86-64.so.2:0x7ffff7fde30b
bore-dyn-seq,AT_RANDOM,ld-linux-x86-64.so.2:0x7ffff7fde30b
bore-dyn-seq,AT_HWCAP2,ld-linux-x86-64.so.2:0x7ffff7fde30b
bore-dyn-seq,AT_EXECFN,ld-linux-x86-64.so.2:0x7ffff7fde30b
bore-dyn-seq,AT_PLATFORM,ld-linux-x86-64.so.2:0x7ffff7fde30b
bore-dyn-seq,AT_RSEQ_FEATURE_SIZE,ld-linux-x86-64.so.2:0x7ffff7fde30b
bore-dyn-seq,AT_RSEQ_ALIGN,ld-linux-x86-64.so.2:0x7ffff7fde30b
lobo-t,AT_SYSINFO_EHDR,ld-linux-x86-64.so.2:0x7ffff7fde30b
lobo-t,AT_MINSIGSTKSZ,ld-linux-x86-64.so.2:0x7ffff7fde30b
lobo-t,AT_HWCAP,ld-linux-x86-64.so.2:0x7ffff7fde30b
lobo-t,AT_PAGESZ,ld-linux-x86-64.so.2:0x7ffff7fde30b
lobo-t,AT_CLKTCK,ld-linux-x86-64.so.2:0x7ffff7fde30b
lobo-t,AT_PHDR,ld-linux-x86-64.so.2:0x7ffff7fde30b
lobo-t,AT_PHENT,ld-linux-x86-64.so.2:0x7ffff7fde30b
lobo-t,AT_PHNUM,ld-linux-x86-64.so.2:0x7ffff7fde30b
lobo-t,AT_BASE,ld-linux-x86-64.so.2:0x7ffff7fde30b
lobo-t,AT_FLAGS,ld-linux-x86-64.so.2:0x7ffff7fde30b
lobo-t,AT_ENTRY,ld-linux-x86-64.so.2:0x7ffff7fde30b
lobo-t,AT_UID,ld-linux-x86-64.so.2:0x7ffff7fde30b
lobo-t,AT_EUID,ld-linux-x86-64.so.2:0x7ffff7fde30b
lobo-t,AT_GID,ld-linux-x86-64.so.2:0x7ffff7fde30b
lobo-t,AT_EGID,ld-linux-x86-64.so.2:0x7ffff7fde30b
lobo-t,AT_SECURE,ld-linux-x86-64.so.2:0x7ffff7fde30b
lobo-t,AT_RANDOM,ld-linux-x86-64.so.2:0x7ffff7fde30b
lobo-t,AT_HWCAP2,ld-linux-x86-64.so.2:0x7ffff7fde30b
lobo-t,AT_EXECFN,ld-linux-x86-64.so.2:0x7ffff7fde30b
lobo-t,AT_PLATFORM,ld-linux-x86-64.so.2:0x7ffff7fde30b
lobo-t,AT_RSEQ_FEATURE_SIZE,ld-linux-x86-64.so.2:0x7ffff7fde30b
lobo-t,AT_RSEQ_ALIGN,ld-linux-x86-64.so.2:0x7ffff7fde30b
curl,AT_SYSINFO_EHDR,ld-linux-x86-64.so.2:0x7ffff7fde30b
curl,AT_MINSIGSTKSZ,ld-linux-x86-64.so.2:0x7ffff7fde30b
curl,AT_HWCAP,ld-linux-x86-64.so.2:0x7ffff7fde30b
curl,AT_PAGESZ,ld-linux-x86-64.so.2:0x7ffff7fde30b
curl,AT_CLKTCK,ld-linux-x86-64.so.2:0x7ffff7fde30b
curl,AT_PHDR,ld-linux-x86-64.so.2:0x7ffff7fde30b
curl,AT_PHENT,ld-linux-x86-64.so.2:0x7ffff7fde30b
curl,AT_PHNUM,ld-linux-x86-64.so.2:0x7ffff7fde30b
curl,AT_BASE,ld-linux-x86-64.so.2:0x7ffff7fde30b
curl,AT_FLAGS,ld-linux-x86-64.so.2:0x7ffff7fde30b
curl,AT_ENTRY,ld-linux-x86-64.so.2:0x7ffff7fde30b
curl,AT_UID,ld-linux-x86-64.so.2:0x7ffff7fde30b
curl,AT_EUID,ld-linux-x86-64.so.2:0x7ffff7fde30b
curl,AT_GID,ld-linux-x86-64.so.2:0x7ffff7fde30b
curl,AT_EGID,ld-linux-x86-64.so.2:0x7ffff7fde30b
curl,AT_SECURE,ld-linux-x86-64.so.2:0x7ffff7fde30b
curl,AT_RANDOM,ld-linux-x86-64.so.2:0x7ffff7fde30b
curl,AT_HWCAP2,ld-linux-x86-64.so.2:0x7ffff7fde30b
curl,AT_EXECFN,ld-linux-x86-64.so.2:0x7ffff7fde30b
curl,AT_PLATFORM,ld-linux-x86-64.so.2:0x7ffff7fde30b
curl,AT_RSEQ_FEATURE_SIZE,ld-linux-x86-64.so.2:0x7ffff7fde30b
curl,AT_RSEQ_ALIGN,ld-linux-x86-64.so.2:0x7ffff7fde30b
