subject,entry,type,when_hidden,exitcode,exitsignal,stdout16
bore-static-seq,AT_SYSINFO_EHDR,33,tolerated,0,,67d4ff71d43921d5
bore-static-seq,AT_MINSIGSTKSZ,51,tolerated,0,,67d4ff71d43921d5
bore-static-seq,AT_HWCAP,16,tolerated,0,,67d4ff71d43921d5
bore-static-seq,AT_PAGESZ,6,tolerated,0,,67d4ff71d43921d5
bore-static-seq,AT_CLKTCK,17,tolerated,0,,67d4ff71d43921d5
bore-static-seq,AT_PHDR,3,tolerated,0,,67d4ff71d43921d5
bore-static-seq,AT_PHENT,4,tolerated,0,,67d4ff71d43921d5
bore-static-seq,AT_PHNUM,5,required,,11,e3b0c44298fc1c14
bore-static-seq,AT_BASE,7,tolerated,0,,67d4ff71d43921d5
bore-static-seq,AT_FLAGS,8,tolerated,0,,67d4ff71d43921d5
bore-static-seq,AT_ENTRY,9,tolerated,0,,67d4ff71d43921d5
bore-static-seq,AT_UID,11,tolerated,0,,67d4ff71d43921d5
bore-static-seq,AT_EUID,12,tolerated,0,,67d4ff71d43921d5
bore-static-seq,AT_GID,13,tolerated,0,,67d4ff71d43921d5
bore-static-seq,AT_EGID,14,tolerated,0,,67d4ff71d43921d5
bore-static-seq,AT_SECURE,23,tolerated,0,,67d4ff71d43921d5
bore-static-seq,AT_RANDOM,25,tolerated,0,,67d4ff71d43921d5
bore-static-seq,AT_HWCAP2,26,tolerated,0,,67d4ff71d43921d5
bore-static-seq,AT_EXECFN,31,tolerated,0,,67d4ff71d43921d5
bore-static-seq,AT_PLATFORM,15,tolerated,0,,67d4ff71d43921d5
bore-static-seq,AT_RSEQ_FEATURE_SIZE,27,tolerated,0,,67d4ff71d43921d5
bore-static-seq,AT_RSEQ_ALIGN,28,tolerated,0,,67d4ff71d43921d5
bore-static-sort,AT_SYSINFO_EHDR,33,tolerated,0,,93c2e1270ef278a5
bore-static-sort,AT_MINSIGSTKSZ,51,tolerated,0,,93c2e1270ef278a5
bore-static-sort,AT_HWCAP,16,tolerated,0,,93c2e1270ef278a5
bore-static-sort,AT_PAGESZ,6,tolerated,0,,93c2e1270ef278a5
bore-static-sort,AT_CLKTCK,17,tolerated,0,,93c2e1270ef278a5
bore-static-sort,AT_PHDR,3,tolerated,0,,93c2e1270ef278a5
bore-static-sort,AT_PHENT,4,tolerated,0,,93c2e1270ef278a5
bore-static-sort,AT_PHNUM,5,required,,11,e3b0c44298fc1c14
bore-static-sort,AT_BASE,7,tolerated,0,,93c2e1270ef278a5
bore-static-sort,AT_FLAGS,8,tolerated,0,,93c2e1270ef278a5
bore-static-sort,AT_ENTRY,9,tolerated,0,,93c2e1270ef278a5
bore-static-sort,AT_UID,11,tolerated,0,,93c2e1270ef278a5
bore-static-sort,AT_EUID,12,tolerated,0,,93c2e1270ef278a5
bore-static-sort,AT_GID,13,tolerated,0,,93c2e1270ef278a5
bore-static-sort,AT_EGID,14,tolerated,0,,93c2e1270ef278a5
bore-static-sort,AT_SECURE,23,tolerated,0,,93c2e1270ef278a5
bore-static-sort,AT_RANDOM,25,tolerated,0,,93c2e1270ef278a5
bore-static-sort,AT_HWCAP2,26,tolerated,0,,93c2e1270ef278a5
bore-static-sort,AT_EXECFN,31,tolerated,0,,93c2e1270ef278a5
bore-static-sort,AT_PLATFORM,15,tolerated,0,,93c2e1270ef278a5
bore-static-sort,AT_RSEQ_FEATURE_SIZE,27,tolerated,0,,93c2e1270ef278a5
bore-static-sort,AT_RSEQ_ALIGN,28,tolerated,0,,93c2e1270ef278a5
bore-static-sleep,AT_SYSINFO_EHDR,33,tolerated,0,,e3b0c44298fc1c14
bore-static-sleep,AT_MINSIGSTKSZ,51,tolerated,0,,e3b0c44298fc1c14
bore-static-sleep,AT_HWCAP,16,tolerated,0,,e3b0c44298fc1c14
bore-static-sleep,AT_PAGESZ,6,tolerated,0,,e3b0c44298fc1c14
bore-static-sleep,AT_CLKTCK,17,tolerated,0,,e3b0c44298fc1c14
bore-static-sleep,AT_PHDR,3,tolerated,0,,e3b0c44298fc1c14
bore-static-sleep,AT_PHENT,4,tolerated,0,,e3b0c44298fc1c14
bore-static-sleep,AT_PHNUM,5,required,,11,e3b0c44298fc1c14
bore-static-sleep,AT_BASE,7,tolerated,0,,e3b0c44298fc1c14
bore-static-sleep,AT_FLAGS,8,tolerated,0,,e3b0c44298fc1c14
bore-static-sleep,AT_ENTRY,9,tolerated,0,,e3b0c44298fc1c14
bore-static-sleep,AT_UID,11,tolerated,0,,e3b0c44298fc1c14
bore-static-sleep,AT_EUID,12,tolerated,0,,e3b0c44298fc1c14
bore-static-sleep,AT_GID,13,tolerated,0,,e3b0c44298fc1c14
bore-static-sleep,AT_EGID,14,tolerated,0,,e3b0c44298fc1c14
bore-static-sleep,AT_SECURE,23,tolerated,0,,e3b0c44298fc1c14
bore-static-sleep,AT_RANDOM,25,tolerated,0,,e3b0c44298fc1c14
bore-static-sleep,AT_HWCAP2,26,tolerated,0,,e3b0c44298fc1c14
bore-static-sleep,AT_EXECFN,31,tolerated,0,,e3b0c44298fc1c14
bore-static-sleep,AT_PLATFORM,15,tolerated,0,,e3b0c44298fc1c14
bore-static-sleep,AT_RSEQ_FEATURE_SIZE,27,tolerated,0,,e3b0c44298fc1c14
bore-static-sleep,AT_RSEQ_ALIGN,28,tolerated,0,,e3b0c44298fc1c14
bore-dyn-seq,AT_SYSINFO_EHDR,33,tolerated,0,,67d4ff71d43921d5
bore-dyn-seq,AT_MINSIGSTKSZ,51,tolerated,0,,67d4ff71d43921d5
bore-dyn-seq,AT_HWCAP,16,tolerated,0,,67d4ff71d43921d5
bore-dyn-seq,AT_PAGESZ,6,tolerated,0,,67d4ff71d43921d5
bore-dyn-seq,AT_CLKTCK,17,tolerated,0,,67d4ff71d43921d5
bore-dyn-seq,AT_PHDR,3,required,,11,e3b0c44298fc1c14
bore-dyn-seq,AT_PHENT,4,tolerated,0,,67d4ff71d43921d5
bore-dyn-seq,AT_PHNUM,5,required,127,,e3b0c44298fc1c14
bore-dyn-seq,AT_BASE,7,tolerated,0,,67d4ff71d43921d5
bore-dyn-seq,AT_FLAGS,8,tolerated,0,,67d4ff71d43921d5
bore-dyn-seq,AT_ENTRY,9,required,127,,e3b0c44298fc1c14
bore-dyn-seq,AT_UID,11,tolerated,0,,67d4ff71d43921d5
bore-dyn-seq,AT_EUID,12,tolerated,0,,67d4ff71d43921d5
bore-dyn-seq,AT_GID,13,tolerated,0,,67d4ff71d43921d5
bore-dyn-seq,AT_EGID,14,tolerated,0,,67d4ff71d43921d5
bore-dyn-seq,AT_SECURE,23,tolerated,0,,67d4ff71d43921d5
bore-dyn-seq,AT_RANDOM,25,tolerated,0,,67d4ff71d43921d5
bore-dyn-seq,AT_HWCAP2,26,tolerated,0,,67d4ff71d43921d5
bore-dyn-seq,AT_EXECFN,31,tolerated,0,,67d4ff71d43921d5
bore-dyn-seq,AT_PLATFORM,15,tolerated,0,,67d4ff71d43921d5
bore-dyn-seq,AT_RSEQ_FEATURE_SIZE,27,tolerated,0,,67d4ff71d43921d5
bore-dyn-seq,AT_RSEQ_ALIGN,28,tolerated,0,,67d4ff71d43921d5
bore-dyn-sort,AT_SYSINFO_EHDR,33,tolerated,0,,93c2e1270ef278a5
bore-dyn-sort,AT_MINSIGSTKSZ,51,tolerated,0,,93c2e1270ef278a5
bore-dyn-sort,AT_HWCAP,16,tolerated,0,,93c2e1270ef278a5
bore-dyn-sort,AT_PAGESZ,6,tolerated,0,,93c2e1270ef278a5
bore-dyn-sort,AT_CLKTCK,17,tolerated,0,,93c2e1270ef278a5
bore-dyn-sort,AT_PHDR,3,required,,11,e3b0c44298fc1c14
bore-dyn-sort,AT_PHENT,4,tolerated,0,,93c2e1270ef278a5
bore-dyn-sort,AT_PHNUM,5,required,127,,e3b0c44298fc1c14
bore-dyn-sort,AT_BASE,7,tolerated,0,,93c2e1270ef278a5
bore-dyn-sort,AT_FLAGS,8,tolerated,0,,93c2e1270ef278a5
bore-dyn-sort,AT_ENTRY,9,required,127,,e3b0c44298fc1c14
bore-dyn-sort,AT_UID,11,tolerated,0,,93c2e1270ef278a5
bore-dyn-sort,AT_EUID,12,tolerated,0,,93c2e1270ef278a5
bore-dyn-sort,AT_GID,13,tolerated,0,,93c2e1270ef278a5
bore-dyn-sort,AT_EGID,14,tolerated,0,,93c2e1270ef278a5
bore-dyn-sort,AT_SECURE,23,tolerated,0,,93c2e1270ef278a5
bore-dyn-sort,AT_RANDOM,25,tolerated,0,,93c2e1270ef278a5
bore-dyn-sort,AT_HWCAP2,26,tolerated,0,,93c2e1270ef278a5
bore-dyn-sort,AT_EXECFN,31,tolerated,0,,93c2e1270ef278a5
bore-dyn-sort,AT_PLATFORM,15,tolerated,0,,93c2e1270ef278a5
bore-dyn-sort,AT_RSEQ_FEATURE_SIZE,27,tolerated,0,,93c2e1270ef278a5
bore-dyn-sort,AT_RSEQ_ALIGN,28,tolerated,0,,93c2e1270ef278a5
bore-dyn-sleep,AT_SYSINFO_EHDR,33,tolerated,0,,e3b0c44298fc1c14
bore-dyn-sleep,AT_MINSIGSTKSZ,51,tolerated,0,,e3b0c44298fc1c14
bore-dyn-sleep,AT_HWCAP,16,tolerated,0,,e3b0c44298fc1c14
bore-dyn-sleep,AT_PAGESZ,6,tolerated,0,,e3b0c44298fc1c14
bore-dyn-sleep,AT_CLKTCK,17,tolerated,0,,e3b0c44298fc1c14
bore-dyn-sleep,AT_PHDR,3,required,,11,e3b0c44298fc1c14
bore-dyn-sleep,AT_PHENT,4,tolerated,0,,e3b0c44298fc1c14
bore-dyn-sleep,AT_PHNUM,5,required,127,,e3b0c44298fc1c14
bore-dyn-sleep,AT_BASE,7,tolerated,0,,e3b0c44298fc1c14
bore-dyn-sleep,AT_FLAGS,8,tolerated,0,,e3b0c44298fc1c14
bore-dyn-sleep,AT_ENTRY,9,required,127,,e3b0c44298fc1c14
bore-dyn-sleep,AT_UID,11,tolerated,0,,e3b0c44298fc1c14
bore-dyn-sleep,AT_EUID,12,tolerated,0,,e3b0c44298fc1c14
bore-dyn-sleep,AT_GID,13,tolerated,0,,e3b0c44298fc1c14
bore-dyn-sleep,AT_EGID,14,tolerated,0,,e3b0c44298fc1c14
bore-dyn-sleep,AT_SECURE,23,tolerated,0,,e3b0c44298fc1c14
bore-dyn-sleep,AT_RANDOM,25,tolerated,0,,e3b0c44298fc1c14
bore-dyn-sleep,AT_HWCAP2,26,tolerated,0,,e3b0c44298fc1c14
bore-dyn-sleep,AT_EXECFN,31,tolerated,0,,e3b0c44298fc1c14
bore-dyn-sleep,AT_PLATFORM,15,tolerated,0,,e3b0c44298fc1c14
bore-dyn-sleep,AT_RSEQ_FEATURE_SIZE,27,tolerated,0,,e3b0c44298fc1c14
bore-dyn-sleep,AT_RSEQ_ALIGN,28,tolerated,0,,e3b0c44298fc1c14
lobo-t,AT_SYSINFO_EHDR,33,tolerated,0,,e3b0c44298fc1c14
lobo-t,AT_MINSIGSTKSZ,51,tolerated,0,,e3b0c44298fc1c14
lobo-t,AT_HWCAP,16,tolerated,0,,e3b0c44298fc1c14
lobo-t,AT_PAGESZ,6,tolerated,0,,e3b0c44298fc1c14
lobo-t,AT_CLKTCK,17,tolerated,0,,e3b0c44298fc1c14
lobo-t,AT_PHDR,3,required,,11,e3b0c44298fc1c14
lobo-t,AT_PHENT,4,tolerated,0,,e3b0c44298fc1c14
lobo-t,AT_PHNUM,5,required,127,,e3b0c44298fc1c14
lobo-t,AT_BASE,7,tolerated,0,,e3b0c44298fc1c14
lobo-t,AT_FLAGS,8,tolerated,0,,e3b0c44298fc1c14
lobo-t,AT_ENTRY,9,required,127,,e3b0c44298fc1c14
lobo-t,AT_UID,11,tolerated,0,,e3b0c44298fc1c14
lobo-t,AT_EUID,12,tolerated,0,,e3b0c44298fc1c14
lobo-t,AT_GID,13,tolerated,0,,e3b0c44298fc1c14
lobo-t,AT_EGID,14,tolerated,0,,e3b0c44298fc1c14
lobo-t,AT_SECURE,23,tolerated,0,,e3b0c44298fc1c14
lobo-t,AT_RANDOM,25,tolerated,0,,e3b0c44298fc1c14
lobo-t,AT_HWCAP2,26,tolerated,0,,e3b0c44298fc1c14
lobo-t,AT_EXECFN,31,tolerated,0,,e3b0c44298fc1c14
lobo-t,AT_PLATFORM,15,tolerated,0,,e3b0c44298fc1c14
lobo-t,AT_RSEQ_FEATURE_SIZE,27,tolerated,0,,e3b0c44298fc1c14
lobo-t,AT_RSEQ_ALIGN,28,tolerated,0,,e3b0c44298fc1c14
dash,AT_SYSINFO_EHDR,33,tolerated,0,,8f1d8a9906b9c8f3
dash,AT_MINSIGSTKSZ,51,tolerated,0,,8f1d8a9906b9c8f3
dash,AT_HWCAP,16,tolerated,0,,8f1d8a9906b9c8f3
dash,AT_PAGESZ,6,tolerated,0,,8f1d8a9906b9c8f3
dash,AT_CLKTCK,17,tolerated,0,,8f1d8a9906b9c8f3
dash,AT_PHDR,3,required,,11,e3b0c44298fc1c14
dash,AT_PHENT,4,tolerated,0,,8f1d8a9906b9c8f3
dash,AT_PHNUM,5,required,127,,e3b0c44298fc1c14
dash,AT_BASE,7,tolerated,0,,8f1d8a9906b9c8f3
dash,AT_FLAGS,8,tolerated,0,,8f1d8a9906b9c8f3
dash,AT_ENTRY,9,required,127,,e3b0c44298fc1c14
dash,AT_UID,11,tolerated,0,,8f1d8a9906b9c8f3
dash,AT_EUID,12,tolerated,0,,8f1d8a9906b9c8f3
dash,AT_GID,13,tolerated,0,,8f1d8a9906b9c8f3
dash,AT_EGID,14,tolerated,0,,8f1d8a9906b9c8f3
dash,AT_SECURE,23,tolerated,0,,8f1d8a9906b9c8f3
dash,AT_RANDOM,25,tolerated,0,,8f1d8a9906b9c8f3
dash,AT_HWCAP2,26,tolerated,0,,8f1d8a9906b9c8f3
dash,AT_EXECFN,31,tolerated,0,,8f1d8a9906b9c8f3
dash,AT_PLATFORM,15,tolerated,0,,8f1d8a9906b9c8f3
dash,AT_RSEQ_FEATURE_SIZE,27,tolerated,0,,8f1d8a9906b9c8f3
dash,AT_RSEQ_ALIGN,28,tolerated,0,,8f1d8a9906b9c8f3
bash,AT_SYSINFO_EHDR,33,tolerated,0,,8f1d8a9906b9c8f3
bash,AT_MINSIGSTKSZ,51,tolerated,0,,8f1d8a9906b9c8f3
bash,AT_HWCAP,16,tolerated,0,,8f1d8a9906b9c8f3
bash,AT_PAGESZ,6,tolerated,0,,8f1d8a9906b9c8f3
bash,AT_CLKTCK,17,tolerated,0,,8f1d8a9906b9c8f3
bash,AT_PHDR,3,required,,11,e3b0c44298fc1c14
bash,AT_PHENT,4,tolerated,0,,8f1d8a9906b9c8f3
bash,AT_PHNUM,5,required,127,,e3b0c44298fc1c14
bash,AT_BASE,7,tolerated,0,,8f1d8a9906b9c8f3
bash,AT_FLAGS,8,tolerated,0,,8f1d8a9906b9c8f3
bash,AT_ENTRY,9,required,127,,e3b0c44298fc1c14
bash,AT_UID,11,tolerated,0,,8f1d8a9906b9c8f3
bash,AT_EUID,12,tolerated,0,,8f1d8a9906b9c8f3
bash,AT_GID,13,tolerated,0,,8f1d8a9906b9c8f3
bash,AT_EGID,14,tolerated,0,,8f1d8a9906b9c8f3
bash,AT_SECURE,23,tolerated,0,,8f1d8a9906b9c8f3
bash,AT_RANDOM,25,tolerated,0,,8f1d8a9906b9c8f3
bash,AT_HWCAP2,26,tolerated,0,,8f1d8a9906b9c8f3
bash,AT_EXECFN,31,tolerated,0,,8f1d8a9906b9c8f3
bash,AT_PLATFORM,15,tolerated,0,,8f1d8a9906b9c8f3
bash,AT_RSEQ_FEATURE_SIZE,27,tolerated,0,,8f1d8a9906b9c8f3
bash,AT_RSEQ_ALIGN,28,tolerated,0,,8f1d8a9906b9c8f3
pacman,AT_SYSINFO_EHDR,33,tolerated,0,,223c37bcea4d6d19
pacman,AT_MINSIGSTKSZ,51,tolerated,0,,223c37bcea4d6d19
pacman,AT_HWCAP,16,tolerated,0,,223c37bcea4d6d19
pacman,AT_PAGESZ,6,tolerated,0,,223c37bcea4d6d19
pacman,AT_CLKTCK,17,tolerated,0,,223c37bcea4d6d19
pacman,AT_PHDR,3,required,,11,e3b0c44298fc1c14
pacman,AT_PHENT,4,tolerated,0,,223c37bcea4d6d19
pacman,AT_PHNUM,5,required,127,,e3b0c44298fc1c14
pacman,AT_BASE,7,tolerated,0,,223c37bcea4d6d19
pacman,AT_FLAGS,8,tolerated,0,,223c37bcea4d6d19
pacman,AT_ENTRY,9,required,127,,e3b0c44298fc1c14
pacman,AT_UID,11,tolerated,0,,223c37bcea4d6d19
pacman,AT_EUID,12,tolerated,0,,223c37bcea4d6d19
pacman,AT_GID,13,tolerated,0,,223c37bcea4d6d19
pacman,AT_EGID,14,tolerated,0,,223c37bcea4d6d19
pacman,AT_SECURE,23,tolerated,0,,223c37bcea4d6d19
pacman,AT_RANDOM,25,tolerated,0,,223c37bcea4d6d19
pacman,AT_HWCAP2,26,tolerated,0,,223c37bcea4d6d19
pacman,AT_EXECFN,31,tolerated,0,,223c37bcea4d6d19
pacman,AT_PLATFORM,15,tolerated,0,,223c37bcea4d6d19
pacman,AT_RSEQ_FEATURE_SIZE,27,tolerated,0,,223c37bcea4d6d19
pacman,AT_RSEQ_ALIGN,28,tolerated,0,,223c37bcea4d6d19
make,AT_SYSINFO_EHDR,33,tolerated,0,,cb84250d99423427
make,AT_MINSIGSTKSZ,51,tolerated,0,,cb84250d99423427
make,AT_HWCAP,16,tolerated,0,,cb84250d99423427
make,AT_PAGESZ,6,tolerated,0,,cb84250d99423427
make,AT_CLKTCK,17,tolerated,0,,cb84250d99423427
make,AT_PHDR,3,required,,11,e3b0c44298fc1c14
make,AT_PHENT,4,tolerated,0,,cb84250d99423427
make,AT_PHNUM,5,required,127,,e3b0c44298fc1c14
make,AT_BASE,7,tolerated,0,,cb84250d99423427
make,AT_FLAGS,8,tolerated,0,,cb84250d99423427
make,AT_ENTRY,9,required,127,,e3b0c44298fc1c14
make,AT_UID,11,tolerated,0,,cb84250d99423427
make,AT_EUID,12,tolerated,0,,cb84250d99423427
make,AT_GID,13,tolerated,0,,cb84250d99423427
make,AT_EGID,14,tolerated,0,,cb84250d99423427
make,AT_SECURE,23,tolerated,0,,cb84250d99423427
make,AT_RANDOM,25,tolerated,0,,cb84250d99423427
make,AT_HWCAP2,26,tolerated,0,,cb84250d99423427
make,AT_EXECFN,31,tolerated,0,,cb84250d99423427
make,AT_PLATFORM,15,tolerated,0,,cb84250d99423427
make,AT_RSEQ_FEATURE_SIZE,27,tolerated,0,,cb84250d99423427
make,AT_RSEQ_ALIGN,28,tolerated,0,,cb84250d99423427
curl,AT_SYSINFO_EHDR,33,tolerated,0,,bf50d2d6181ba34d
curl,AT_MINSIGSTKSZ,51,tolerated,0,,bf50d2d6181ba34d
curl,AT_HWCAP,16,tolerated,0,,bf50d2d6181ba34d
curl,AT_PAGESZ,6,tolerated,0,,bf50d2d6181ba34d
curl,AT_CLKTCK,17,tolerated,0,,bf50d2d6181ba34d
curl,AT_PHDR,3,required,,11,e3b0c44298fc1c14
curl,AT_PHENT,4,tolerated,0,,bf50d2d6181ba34d
curl,AT_PHNUM,5,required,127,,e3b0c44298fc1c14
curl,AT_BASE,7,tolerated,0,,bf50d2d6181ba34d
curl,AT_FLAGS,8,tolerated,0,,bf50d2d6181ba34d
curl,AT_ENTRY,9,required,127,,e3b0c44298fc1c14
curl,AT_UID,11,tolerated,0,,bf50d2d6181ba34d
curl,AT_EUID,12,tolerated,0,,bf50d2d6181ba34d
curl,AT_GID,13,tolerated,0,,bf50d2d6181ba34d
curl,AT_EGID,14,tolerated,0,,bf50d2d6181ba34d
curl,AT_SECURE,23,tolerated,0,,bf50d2d6181ba34d
curl,AT_RANDOM,25,tolerated,0,,bf50d2d6181ba34d
curl,AT_HWCAP2,26,tolerated,0,,bf50d2d6181ba34d
curl,AT_EXECFN,31,tolerated,0,,bf50d2d6181ba34d
curl,AT_PLATFORM,15,tolerated,0,,bf50d2d6181ba34d
curl,AT_RSEQ_FEATURE_SIZE,27,tolerated,0,,bf50d2d6181ba34d
curl,AT_RSEQ_ALIGN,28,tolerated,0,,bf50d2d6181ba34d
sshd-t,AT_SYSINFO_EHDR,33,tolerated,0,,e3b0c44298fc1c14
sshd-t,AT_MINSIGSTKSZ,51,tolerated,0,,e3b0c44298fc1c14
sshd-t,AT_HWCAP,16,tolerated,0,,e3b0c44298fc1c14
sshd-t,AT_PAGESZ,6,tolerated,0,,e3b0c44298fc1c14
sshd-t,AT_CLKTCK,17,tolerated,0,,e3b0c44298fc1c14
sshd-t,AT_PHDR,3,required,,11,e3b0c44298fc1c14
sshd-t,AT_PHENT,4,tolerated,0,,e3b0c44298fc1c14
sshd-t,AT_PHNUM,5,required,127,,e3b0c44298fc1c14
sshd-t,AT_BASE,7,tolerated,0,,e3b0c44298fc1c14
sshd-t,AT_FLAGS,8,tolerated,0,,e3b0c44298fc1c14
sshd-t,AT_ENTRY,9,required,127,,e3b0c44298fc1c14
sshd-t,AT_UID,11,tolerated,0,,e3b0c44298fc1c14
sshd-t,AT_EUID,12,tolerated,0,,e3b0c44298fc1c14
sshd-t,AT_GID,13,tolerated,0,,e3b0c44298fc1c14
sshd-t,AT_EGID,14,tolerated,0,,e3b0c44298fc1c14
sshd-t,AT_SECURE,23,tolerated,0,,e3b0c44298fc1c14
sshd-t,AT_RANDOM,25,tolerated,0,,e3b0c44298fc1c14
sshd-t,AT_HWCAP2,26,tolerated,0,,e3b0c44298fc1c14
sshd-t,AT_EXECFN,31,tolerated,0,,e3b0c44298fc1c14
sshd-t,AT_PLATFORM,15,tolerated,0,,e3b0c44298fc1c14
sshd-t,AT_RSEQ_FEATURE_SIZE,27,tolerated,0,,e3b0c44298fc1c14
sshd-t,AT_RSEQ_ALIGN,28,tolerated,0,,e3b0c44298fc1c14
