syscall,number,calls,errors,errnos,first_workload
mmap,9,44800,0,,boreutils-static
openat,257,15732,230,ENOENT:226 EISDIR:4,boreutils-static
mprotect,10,13210,0,,boreutils-static
close,3,12777,0,,boreutils-static
read,0,12366,0,,boreutils-static
brk,12,10843,0,,boreutils-static
fstat,5,10598,0,,boreutils-static
newfstatat,262,10568,0,,boreutils-dynamic
getrandom,318,5494,0,,boreutils-static
write,1,3659,42,ENOSPC:30 EPIPE:12,boreutils-static
access,21,2642,2642,ENOENT:2642,boreutils-dynamic
arch_prctl,158,2642,0,,boreutils-static
execve,59,2642,0,,boreutils-static
prlimit64,302,2642,0,,boreutils-static
rseq,334,2642,0,,boreutils-static
set_robust_list,273,2642,0,,boreutils-static
set_tid_address,218,2642,0,,boreutils-static
exit_group,231,2624,0,,boreutils-static
statx,332,1868,22,ENOENT:18 EFAULT:4,boreutils-static
munmap,11,1435,0,,boreutils-static
rt_sigprocmask,14,420,0,,boreutils-dynamic
unlink,87,156,0,,boreutils-static
lseek,8,108,0,,boreutils-static
getdents64,217,60,0,,boreutils-static
sched_getaffinity,204,54,0,,boreutils-static
getcwd,79,39,0,,boreutils-static
clock_nanosleep,230,13,0,,boreutils-static
