syscall,number,passed,failed,baseline_passed,verdict,first_failures
read,0,0,2642,2637,required,basename: --suffix= inline; basename: -a takes every operand as a name; basename: -s attached to its cluster
close,3,0,2642,2637,required,basename: --suffix= inline; basename: -a takes every operand as a name; basename: -s attached to its cluster
fstat,5,0,2642,2637,required,basename: --suffix= inline; basename: -a takes every operand as a name; basename: -s attached to its cluster
mmap,9,0,2642,2637,required,basename: --suffix= inline; basename: -a takes every operand as a name; basename: -s attached to its cluster
mprotect,10,0,2642,2637,required,basename: --suffix= inline; basename: -a takes every operand as a name; basename: -s attached to its cluster
arch_prctl,158,0,2642,2637,required,basename: --suffix= inline; basename: -a takes every operand as a name; basename: -s attached to its cluster
openat,257,0,2642,2637,required,basename: --suffix= inline; basename: -a takes every operand as a name; basename: -s attached to its cluster
write,1,156,2486,2637,degraded,basename: --suffix= inline; basename: -a takes every operand as a name; basename: -s attached to its cluster
getcwd,79,2599,43,2637,degraded,pwd: --log abbreviated; pwd: --logical; pwd: --ph abbreviated
getdents64,217,2626,16,2637,degraded,pwd: --log abbreviated; pwd: --logical; pwd: -L -P -L
clock_nanosleep,230,2624,18,2637,degraded,sleep: a hex float; sleep: a hex fraction; sleep: a hex number with a binary exponent and a day
exit_group,231,18,2624,2637,degraded,basename: --suffix= inline; basename: -a takes every operand as a name; basename: -s attached to its cluster
getrandom,318,2427,215,2637,degraded,sort: CRLF is not special; sort: M on months; sort: M reversed
lseek,8,2637,5,2637,tolerated,
munmap,11,2637,5,2637,tolerated,
brk,12,2637,5,2637,tolerated,
rt_sigprocmask,14,2637,5,2637,tolerated,
access,21,2637,5,2637,tolerated,
execve,59,2637,5,2637,tolerated,
unlink,87,2637,5,2637,tolerated,
sched_getaffinity,204,2637,5,2637,tolerated,
set_tid_address,218,2637,5,2637,tolerated,
newfstatat,262,2637,5,2637,tolerated,
set_robust_list,273,2637,5,2637,tolerated,
prlimit64,302,2637,5,2637,tolerated,
statx,332,2637,5,2637,tolerated,
rseq,334,2637,5,2637,tolerated,
