workload,syscall,operation,calls
boreutils-static,arch_prctl,ARCH_SET_FS,2642
boreutils-static,clock_gettime,CLOCK_MONOTONIC,2
boreutils-static,clock_nanosleep,CLOCK_MONOTONIC,13
boreutils-dynamic,arch_prctl,ARCH_SET_FS,2642
boreutils-dynamic,clock_nanosleep,CLOCK_MONOTONIC,13
lobo,arch_prctl,ARCH_SET_FS,7
lobo,fcntl,F_GETFL,1
lobo,fcntl,F_SETFL,1
lobo,futex,FUTEX_WAIT_BITSET_PRIVATE,2038
lobo,futex,FUTEX_WAKE_PRIVATE,64
lobo,futex,FUTEX_WAIT_PRIVATE,2
lobo,ioctl,FIONBIO on socket,11
lobo,madvise,MADV_FREE,40
lobo,madvise,MADV_GUARD_INSTALL,6
lobo,madvise,MADV_DONTNEED,2
lobo,prctl,PR_SET_NAME,6
lobo,rt_sigaction,SIGRT_1,6
lobo,rt_sigaction,SIGHUP,1
lobo,rt_sigaction,SIGTERM,1
lobo,rt_sigaction,SIGQUIT,1
lobo,rt_sigaction,SIGUSR2,1
lobo,rt_sigaction,SIGSEGV,1
lobo,setsockopt,SOL_TCP,10
lobo,setsockopt,TCP_NODELAY,10
lobo,setsockopt,SOL_SOCKET,3
lobo,setsockopt,SO_REUSEADDR,3
lobo,socket,SOCK_STREAM|SOCK_CLOEXEC,11
lobo,socket,AF_UNIX,6
lobo,socket,AF_INET,5
dash,arch_prctl,ARCH_SET_FS,3
dash,fcntl,F_DUPFD_CLOEXEC,72
dash,futex,FUTEX_WAKE_PRIVATE,3
dash,ioctl,TCGETS2 on a regular file,3
dash,ioctl,TCGETS2 on pipe,2
dash,rt_sigaction,SIGINT,18
dash,rt_sigaction,SIGTERM,17
dash,rt_sigaction,SIGQUIT,8
dash,rt_sigaction,SIGCHLD,3
bash,arch_prctl,ARCH_SET_FS,4
bash,fcntl,F_GETFD,204
bash,fcntl,F_SETFD,65
bash,fcntl,F_DUPFD,60
bash,fcntl,F_GETFL,4
bash,fcntl,F_GETPIPE_SZ,2
bash,futex,FUTEX_WAKE_PRIVATE,4
bash,ioctl,TIOCGPGRP on a regular file,17
bash,ioctl,TCGETS2 on a regular file,11
bash,ioctl,TIOCGWINSZ on a regular file,9
bash,ioctl,TCGETS2 on pipe,7
bash,ioctl,TCGETS2 on /dev/null,3
bash,ioctl,TIOCGWINSZ on pipe,3
bash,ioctl,TIOCSPGRP on a regular file,2
bash,rt_sigaction,SIGINT,123
bash,rt_sigaction,SIGCHLD,74
bash,rt_sigaction,SIGQUIT,58
bash,rt_sigaction,SIGTSTP,44
bash,rt_sigaction,SIGTTIN,44
bash,rt_sigaction,SIGTTOU,44
bash,rt_sigaction,SIGTERM,29
bash,rt_sigaction,SIGHUP,21
bash,rt_sigaction,SIGALRM,21
bash,rt_sigaction,SIGILL,19
bash,rt_sigaction,SIGTRAP,19
bash,rt_sigaction,SIGABRT,19
bash,rt_sigaction,SIGFPE,19
bash,rt_sigaction,SIGBUS,19
bash,rt_sigaction,SIGSEGV,19
bash,rt_sigaction,SIGSYS,19
bash,rt_sigaction,SIGPIPE,19
bash,rt_sigaction,SIGXCPU,19
bash,rt_sigaction,SIGXFSZ,19
bash,rt_sigaction,SIGVTALRM,19
bash,rt_sigaction,SIGUSR1,19
bash,rt_sigaction,SIGUSR2,19
bash,rt_sigaction,SIGWINCH,3
pacman,arch_prctl,ARCH_SET_FS,34
pacman,fcntl,F_GETFD,171
pacman,fcntl,F_SETFD,59
pacman,fcntl,F_GETFL,17
pacman,fcntl,F_SETFL,15
pacman,fcntl,F_DUPFD,1
pacman,futex,FUTEX_WAKE_PRIVATE,309
pacman,futex,FUTEX_WAIT_PRIVATE,82
pacman,futex,FUTEX_WAIT_BITSET_PRIVATE|FUTEX_CLOCK_REALTIME,18
pacman,getsockopt,SOL_SOCKET,9
pacman,getsockopt,SO_ERROR,9
pacman,ioctl,TCGETS2 on a regular file,38
pacman,ioctl,FIONREAD on socket,18
pacman,ioctl,TIOCGPGRP on socket,6
pacman,ioctl,TIOCGWINSZ on socket,4
pacman,ioctl,TCGETS2 on socket,3
pacman,madvise,MADV_GUARD_INSTALL,18
pacman,madvise,MADV_DONTNEED,4
pacman,prctl,PR_SET_NO_NEW_PRIVS,6
pacman,rt_sigaction,SIGPIPE,3308
pacman,rt_sigaction,SIGINT,76
pacman,rt_sigaction,SIGQUIT,59
pacman,rt_sigaction,SIGHUP,52
pacman,rt_sigaction,SIGSEGV,46
pacman,rt_sigaction,SIGTERM,40
pacman,rt_sigaction,SIGUSR1,24
pacman,rt_sigaction,SIGCHLD,21
pacman,rt_sigaction,SIGTSTP,18
pacman,rt_sigaction,SIGTTIN,18
pacman,rt_sigaction,SIGTTOU,18
pacman,rt_sigaction,SIGABRT,8
pacman,rt_sigaction,SIGALRM,8
pacman,rt_sigaction,SIGBUS,8
pacman,rt_sigaction,SIGCONT,8
pacman,rt_sigaction,SIGFPE,8
pacman,rt_sigaction,SIGILL,8
pacman,rt_sigaction,SIGKILL,8
pacman,rt_sigaction,SIGSTOP,8
pacman,rt_sigaction,SIGUSR2,8
pacman,rt_sigaction,SIGPROF,8
pacman,rt_sigaction,SIGSYS,8
pacman,rt_sigaction,SIGTRAP,8
pacman,rt_sigaction,SIGURG,8
pacman,rt_sigaction,SIGVTALRM,8
pacman,rt_sigaction,SIGXCPU,8
pacman,rt_sigaction,SIGXFSZ,8
pacman,rt_sigaction,SIGIO,8
pacman,rt_sigaction,SIGRT_1,3
pacman,setsockopt,SOL_TCP,104
pacman,setsockopt,TCP_NODELAY,26
pacman,setsockopt,SOL_SOCKET,26
pacman,setsockopt,SO_KEEPALIVE,26
pacman,setsockopt,TCP_KEEPIDLE,26
pacman,setsockopt,TCP_KEEPINTVL,26
pacman,setsockopt,TCP_KEEPCNT,26
pacman,setsockopt,SOL_IP,18
pacman,setsockopt,IP_RECVERR,18
pacman,socket,SOCK_STREAM|SOCK_CLOEXEC|SOCK_NONBLOCK,44
pacman,socket,AF_INET,36
pacman,socket,AF_INET6,32
pacman,socket,AF_UNIX,18
pacman,socket,SOCK_DGRAM|SOCK_CLOEXEC|SOCK_NONBLOCK,18
pacman,socket,AF_NETLINK,18
pacman,socket,SOCK_RAW|SOCK_CLOEXEC,18
pacman,socket,SOCK_DGRAM|SOCK_CLOEXEC,18
pacman,socket,SOCK_DGRAM,6
pacman,socketpair,AF_UNIX,10
cc,arch_prctl,ARCH_SET_FS,14
cc,fcntl,F_GETFD,39
cc,fcntl,F_SETFD,33
cc,fcntl,F_GETFL,6
cc,fcntl,F_SETFL,4
cc,futex,FUTEX_WAKE_PRIVATE,478
cc,ioctl,TCGETS2 on a regular file,34
cc,ioctl,TCGETS2 on /dev/null,1
cc,rt_sigaction,SIGHUP,10
cc,rt_sigaction,SIGPIPE,10
cc,rt_sigaction,SIGINT,10
cc,rt_sigaction,SIGTERM,10
cc,rt_sigaction,SIGCHLD,8
cc,rt_sigaction,SIGSEGV,6
cc,rt_sigaction,SIGBUS,6
cc,rt_sigaction,SIGQUIT,4
cc,rt_sigaction,SIGILL,4
cc,rt_sigaction,SIGABRT,4
cc,rt_sigaction,SIGFPE,4
cc,rt_sigaction,SIGXCPU,2
cc,rt_sigaction,SIGXFSZ,2
cc,rt_sigaction,SIGUSR1,2
cc,rt_sigaction,SIGALRM,2
sshd,arch_prctl,ARCH_SET_FS,23
sshd,clock_nanosleep,CLOCK_REALTIME,8
sshd,fcntl,F_SETFD,101
sshd,fcntl,F_SETLK,73
sshd,fcntl,F_GETFL,69
sshd,fcntl,F_SETFL,40
sshd,fcntl,F_SETLKW,2
sshd,futex,FUTEX_WAKE_PRIVATE,484
sshd,getsockopt,SOL_SOCKET,58
sshd,getsockopt,SO_RCVBUF,24
sshd,getsockopt,SO_SNDBUF,24
sshd,getsockopt,SOL_TCP,20
sshd,getsockopt,TCP_NODELAY,20
sshd,getsockopt,SOL_IP,10
sshd,getsockopt,IP_OPTIONS,10
sshd,getsockopt,SO_BINDTODEVICE,10
sshd,ioctl,TCGETS2 on /dev/pts/[n],4
sshd,ioctl,TIOCGPTN on /dev/pts/ptmx,1
sshd,ioctl,TIOCSPTLCK on /dev/pts/ptmx,1
sshd,ioctl,TIOCGPTPEER on /dev/pts/ptmx,1
sshd,ioctl,TCSETS2 on /dev/pts/[n],1
sshd,ioctl,TIOCSWINSZ on /dev/pts/ptmx,1
sshd,ioctl,TIOCSCTTY on /dev/pts/[n],1
sshd,madvise,MADV_DONTDUMP,48
sshd,prctl,PR_CAPBSET_READ,20
sshd,prctl,PR_CAP_AMBIENT,20
sshd,prctl,PR_GET_NAME,12
sshd,prctl,PR_SET_NO_NEW_PRIVS,10
sshd,prctl,PR_SET_SECCOMP,10
sshd,prctl,PR_SET_DUMPABLE,2
sshd,rt_sigaction,SIGALRM,36
sshd,rt_sigaction,SIGHUP,35
sshd,rt_sigaction,SIGCHLD,33
sshd,rt_sigaction,SIGPIPE,25
sshd,rt_sigaction,SIGTERM,25
sshd,rt_sigaction,SIGQUIT,21
sshd,rt_sigaction,SIGINT,14
sshd,rt_sigaction,SIGXFSZ,4
sshd,setsockopt,SOL_SOCKET,60
sshd,setsockopt,SOL_IP,27
sshd,setsockopt,IP_TOS,27
sshd,setsockopt,SO_RCVBUF,12
sshd,setsockopt,SO_RCVBUFFORCE,12
sshd,setsockopt,SO_SNDBUF,12
sshd,setsockopt,SO_SNDBUFFORCE,12
sshd,setsockopt,SOL_TCP,10
sshd,setsockopt,TCP_NODELAY,10
sshd,setsockopt,SO_KEEPALIVE,10
sshd,setsockopt,SO_REUSEADDR,2
sshd,setsockopt,SOL_IPV6,1
sshd,setsockopt,IPV6_V6ONLY,1
sshd,socket,AF_NETLINK,59
sshd,socket,SOCK_RAW|SOCK_CLOEXEC,59
sshd,socket,AF_UNIX,40
sshd,socket,SOCK_DGRAM|SOCK_CLOEXEC,31
sshd,socket,SOCK_STREAM|SOCK_CLOEXEC|SOCK_NONBLOCK,20
sshd,socket,AF_INET6,12
sshd,socket,SOCK_STREAM,2
sshd,socket,AF_INET,1
sshd,socketpair,AF_UNIX,24
curl,arch_prctl,ARCH_SET_FS,3
curl,fcntl,F_GETFD,9
curl,fcntl,F_GETFL,1
curl,futex,FUTEX_WAKE_PRIVATE,138
curl,futex,FUTEX_WAIT_PRIVATE,17
curl,futex,FUTEX_WAIT_BITSET_PRIVATE|FUTEX_CLOCK_REALTIME,10
curl,getsockopt,SOL_SOCKET,5
curl,getsockopt,SO_ERROR,5
curl,ioctl,FIONREAD on socket,14
curl,ioctl,TCGETS2 on /dev/null,2
curl,madvise,MADV_DONTNEED,10
curl,madvise,MADV_GUARD_INSTALL,6
curl,rt_sigaction,SIGPIPE,30456
curl,rt_sigaction,SIGRT_1,3
curl,setsockopt,SOL_TCP,24
curl,setsockopt,SOL_IP,14
curl,setsockopt,IP_RECVERR,14
curl,setsockopt,TCP_NODELAY,6
curl,setsockopt,SOL_SOCKET,6
curl,setsockopt,SO_KEEPALIVE,6
curl,setsockopt,TCP_KEEPIDLE,6
curl,setsockopt,TCP_KEEPINTVL,6
curl,setsockopt,TCP_KEEPCNT,6
curl,socket,AF_INET,20
curl,socket,SOCK_STREAM|SOCK_CLOEXEC|SOCK_NONBLOCK,16
curl,socket,SOCK_DGRAM|SOCK_CLOEXEC|SOCK_NONBLOCK,14
curl,socket,AF_UNIX,10
curl,socket,AF_INET6,4
curl,socket,SOCK_DGRAM,3
curl,socket,AF_NETLINK,1
curl,socket,SOCK_RAW|SOCK_CLOEXEC,1
curl,socket,SOCK_DGRAM|SOCK_CLOEXEC,1
