workload,path,syscalls
boreutils-static,/dev/full,openat:5
boreutils-static,/dev/null,openat:2 statx:2
boreutils-static,/dev/stderr,openat:19
boreutils-static,/dev/stdin,openat:693
boreutils-static,/dev/stdout,openat:2604 statx:5
boreutils-static,/dev/zero,openat:2
boreutils-static,/proc/self/cgroup,openat:54
boreutils-static,/proc/self/exe,readlinkat:2642
boreutils-static,/proc/self/fd,statx:266
boreutils-static,/proc/sys/kernel/arch,openat:265
boreutils-dynamic,/dev/full,openat:5
boreutils-dynamic,/dev/null,openat:2 statx:2
boreutils-dynamic,/dev/stderr,openat:19
boreutils-dynamic,/dev/stdin,openat:693
boreutils-dynamic,/dev/stdout,openat:2604 statx:5
boreutils-dynamic,/dev/zero,openat:2
boreutils-dynamic,/proc/self/cgroup,openat:54
boreutils-dynamic,/proc/self/fd,statx:266
boreutils-dynamic,/proc/sys/kernel/arch,openat:265
lobo,/proc/self/cgroup,openat:1
lobo,/proc/sys/vm/overcommit_memory,openat:1
dash,/dev/null,openat:8
dash,/dev/tty,openat:1
bash,/dev/fd/[n],openat:2
bash,/dev/null,openat:10
bash,/dev/tty,openat:5
pacman,/dev/null,openat:19
pacman,/dev/tty,openat:3
pacman,/proc/[pid]/root,openat:1
pacman,/proc/net/if_inet6,access:4
pacman,/proc/self/exe,readlink:19 readlinkat:2
pacman,/proc/sys/crypto/fips_enabled,openat:19
pacman,/proc/sys/net/ipv6/conf/all/disable_ipv6,openat:9
cc,/proc/self/exe,readlink:1
sshd,/dev/null,openat:55
sshd,/dev/ptmx,openat:1
sshd,/dev/pts/[n],chown:1 newfstatat:3 openat:1 readlink:2
sshd,/dev/tty,openat:4
sshd,/dev/urandom,openat:4
sshd,/proc/self/exe,readlink:4
sshd,/proc/self/fd/[n],readlink:2
sshd,/proc/self/loginuid,openat:8
sshd,/proc/self/oom_score_adj,openat:11
sshd,/proc/self/uid_map,openat:4
sshd,/proc/sys/kernel/cap_last_cap,openat:20
sshd,/proc/sys/kernel/ngroups_max,openat:16
curl,/dev/null,openat:2
curl,/proc/net/if_inet6,access:3
curl,/proc/sys/net/ipv6/conf/all/disable_ipv6,openat:5
