rank,syscall,number,workloads,which,calls,errors,errnos,milestone,lane,enosys_static,enosys_dynamic
1,read,0,7,boreutils lobo shell pacman cc sshd curl,55315,11224,EAGAIN:11223 EIO:1,M-PX3,files,degraded,required
2,mmap,9,7,boreutils lobo shell pacman cc sshd curl,53373,0,,M-PX3,process and memory,tolerated,required
3,write,1,7,boreutils lobo shell pacman cc sshd curl,31332,85,ENOSPC:60 EPIPE:24 EACCES:1,M-PX3,files,degraded,degraded
4,brk,12,7,boreutils lobo shell pacman cc sshd curl,28383,0,,M-PX3,process and memory,tolerated,tolerated
5,openat,257,7,boreutils lobo shell pacman cc sshd curl,27029,1807,ENOENT:1769 EACCES:18 ENXIO:12 EISDIR:8,M-PX3,files,degraded,required
6,close,3,7,boreutils lobo shell pacman cc sshd curl,21071,28,EBADF:28,M-PX3,files,degraded,required
7,newfstatat,262,7,boreutils lobo shell pacman cc sshd curl,17287,629,ENOENT:629,M-PX4,files,,tolerated
8,mprotect,10,7,boreutils lobo shell pacman cc sshd curl,17223,0,,M-PX3,process and memory,required,required
9,fstat,5,7,boreutils lobo shell pacman cc sshd curl,14627,0,,M-PX3,files,degraded,required
10,getrandom,318,7,boreutils lobo shell pacman cc sshd curl,11405,0,,M-PX3,process and memory,degraded,degraded
11,lseek,8,7,boreutils lobo shell pacman cc sshd curl,7394,7,ESPIPE:7,M-PX3,files,tolerated,tolerated
12,set_robust_list,273,7,boreutils lobo shell pacman cc sshd curl,5564,0,,M-PX3,process and memory,tolerated,tolerated
13,prlimit64,302,7,boreutils lobo shell pacman cc sshd curl,5535,0,,M-PX3,process and memory,tolerated,tolerated
14,rseq,334,7,boreutils lobo shell pacman cc sshd curl,5426,0,,M-PX3,process and memory,tolerated,tolerated
15,exit_group,231,7,boreutils lobo shell pacman cc sshd curl,5381,0,,M-PX3,process and memory,degraded,degraded
16,execve,59,7,boreutils lobo shell pacman cc sshd curl,5376,4,ENOENT:4,M-PX3,process and memory,not injectable,not injectable
17,arch_prctl,158,7,boreutils lobo shell pacman cc sshd curl,5372,0,,M-PX3,process and memory,required,required
18,set_tid_address,218,7,boreutils lobo shell pacman cc sshd curl,5372,0,,M-PX3,process and memory,tolerated,tolerated
19,munmap,11,7,boreutils lobo shell pacman cc sshd curl,3406,0,,M-PX3,process and memory,tolerated,tolerated
20,access,21,7,boreutils lobo shell pacman cc sshd curl,3019,2874,ENOENT:2874,M-PX4,files,,tolerated
21,rt_sigprocmask,14,7,boreutils lobo shell pacman cc sshd curl,2379,0,,M-PX4,signals,,tolerated
22,rt_sigaction,13,6,lobo shell pacman cc sshd curl,35320,16,EINVAL:16,M-PX4,signals,,
23,futex,202,6,lobo shell pacman cc sshd curl,3647,2008,ETIMEDOUT:1990 EAGAIN:18,M-PX4,process and memory,,
24,fcntl,72,6,lobo shell pacman cc sshd curl,1049,14,EBADF:14,M-PX4,files,,
25,ioctl,16,6,lobo shell pacman cc sshd curl,198,145,ENOTTY:145,M-PX4,files,,
26,unlink,87,5,boreutils lobo pacman cc sshd,388,46,ENOENT:46,M-PX3,files,tolerated,tolerated
27,getpid,39,5,lobo shell pacman sshd curl,348,0,,M-PX4,process and memory,,
28,getdents64,217,5,boreutils shell pacman cc sshd,199,0,,M-PX3,files,degraded,degraded
29,geteuid,107,5,shell pacman cc sshd curl,192,0,,M-PX5,process and memory,,
30,recvfrom,45,4,lobo pacman sshd curl,27116,10987,EAGAIN:10987,M-PX4,sockets,,
31,poll,7,4,lobo pacman sshd curl,12469,0,,M-PX4,sockets,,
32,umask,95,4,shell pacman cc sshd,371,0,,M-PX5,files,,
33,sendto,44,4,lobo pacman sshd curl,308,0,,M-PX4,sockets,,
34,connect,42,4,lobo pacman sshd curl,305,136,ENOENT:68 ENETUNREACH:54 EINPROGRESS:14,M-PX4,sockets,,
35,setsockopt,54,4,lobo pacman sshd curl,303,24,EPERM:24,M-PX4,sockets,,
36,getsockname,51,4,lobo pacman sshd curl,302,0,,M-PX4,sockets,,
37,getuid,102,4,shell pacman cc sshd,290,0,,M-PX5,process and memory,,
38,socket,41,4,lobo pacman sshd curl,262,0,,M-PX4,sockets,,
39,wait4,61,4,shell pacman cc sshd,199,54,ECHILD:54,M-PX5,process and memory,,
40,madvise,28,4,lobo pacman sshd curl,134,0,,M-PX4,process and memory,,
41,pipe2,293,4,lobo shell pacman sshd,125,0,,M-PX4,files,,
42,getegid,108,4,shell pacman cc sshd,94,0,,M-PX5,process and memory,,
43,getgid,104,4,shell pacman cc sshd,92,0,,M-PX5,process and memory,,
44,bind,49,4,lobo pacman sshd curl,72,0,,M-PX4,sockets,,
45,rt_sigreturn,15,4,lobo shell pacman sshd,72,6,EINTR:6,M-PX4,signals,,
46,dup,32,4,shell pacman cc sshd,67,0,,M-PX5,files,,
47,clone3,435,4,lobo pacman cc curl,65,0,,M-PX4,process and memory,,
48,chdir,80,4,shell pacman cc sshd,59,0,,M-PX5,files,,
49,uname,63,4,shell pacman sshd curl,52,0,,M-PX5,process and memory,,
50,kill,62,4,lobo shell pacman sshd,12,6,ESRCH:6,M-PX4,signals,,
51,statx,332,3,boreutils lobo sshd,4081,45,ENOENT:37 EFAULT:8,M-PX3,files,tolerated,tolerated
52,readlink,89,3,pacman cc sshd,1791,1751,EINVAL:1530 ENOENT:221,M-PX5,files,,
53,dup2,33,3,shell pacman sshd,508,0,,M-PX5,files,,
54,clone,56,3,shell pacman sshd,138,0,,M-PX5,process and memory,,
55,recvmsg,47,3,pacman sshd curl,110,0,,M-PX5,sockets,,
56,getsockopt,55,3,pacman sshd curl,102,0,,M-PX5,sockets,,
57,getcwd,79,3,boreutils pacman cc,100,0,,M-PX3,files,degraded,degraded
58,faccessat2,439,3,shell pacman cc,94,24,ENOENT:24,M-PX5,files,,
59,prctl,157,3,lobo pacman sshd,86,0,,M-PX4,process and memory,,
60,getppid,110,3,shell pacman sshd,25,0,,M-PX5,process and memory,,
61,eventfd2,290,3,lobo pacman curl,23,0,,M-PX4,files,,
62,exit,60,3,lobo pacman curl,18,0,,M-PX4,process and memory,,
63,chown,92,3,shell pacman sshd,17,0,,M-PX5,files,,
64,readlinkat,267,2,boreutils pacman,2644,0,,M-PX3,files,tolerated,
65,sched_getaffinity,204,2,boreutils lobo,109,0,,M-PX3,process and memory,tolerated,tolerated
66,close_range,436,2,pacman sshd,72,0,,M-PX5,files,,
67,setgroups,116,2,pacman sshd,71,0,,M-PX5,process and memory,,
68,fchown,93,2,pacman sshd,47,0,,M-PX5,files,,
69,mkdir,83,2,lobo pacman,42,16,EEXIST:16,M-PX4,files,,
70,clock_nanosleep,230,2,boreutils sshd,34,0,,M-PX3,time,degraded,degraded
71,setfsgid,123,2,shell sshd,34,0,,M-PX5,process and memory,,
72,setfsuid,122,2,shell sshd,34,0,,M-PX5,process and memory,,
73,socketpair,53,2,pacman sshd,34,0,,M-PX5,sockets,,
74,rename,82,2,lobo pacman,29,0,,M-PX4,files,,
75,pread64,17,2,cc sshd,28,0,,M-PX5,files,,
76,fdatasync,75,2,pacman sshd,22,0,,M-PX5,files,,
77,setuid,105,2,pacman sshd,21,14,EPERM:14,M-PX5,process and memory,,
78,setgid,106,2,pacman sshd,17,10,EPERM:10,M-PX5,process and memory,,
79,chmod,90,2,pacman cc,15,0,,M-PX5,files,,
80,ftruncate,77,2,pacman sshd,9,0,,M-PX5,files,,
81,getpgrp,111,2,shell pacman,7,0,,M-PX5,process and memory,,
82,getresgid,120,2,shell pacman,7,0,,M-PX5,process and memory,,
83,getresuid,118,2,shell pacman,7,0,,M-PX5,process and memory,,
84,listen,50,2,lobo sshd,6,0,,M-PX4,sockets,,
85,ppoll,271,1,sshd,241,4,ERESTARTNOHAND:4,net,sockets,,
86,getpeername,52,1,sshd,92,0,,net,sockets,,
87,utimensat,280,1,pacman,78,0,,M-PX5,files,,
88,setresuid,117,1,sshd,64,14,EPERM:14,net,process and memory,,
89,pwrite64,18,1,sshd,61,0,,net,files,,
90,pselect6,270,1,shell,58,0,,M-PX5,sockets,,
91,setresgid,119,1,sshd,56,10,EPERM:10,net,process and memory,,
92,getrusage,98,1,cc,43,0,,M-PX5,process and memory,,
93,getgroups,115,1,sshd,40,0,,net,process and memory,,
94,seccomp,317,1,pacman,33,21,EFAULT:18 EINVAL:3,M-PX5,process and memory,,
95,lchown,94,1,pacman,22,0,,M-PX5,files,,
96,fstatfs,138,1,sshd,20,0,,net,files,,
97,sigaltstack,131,1,lobo,20,0,,M-PX4,signals,,
98,accept4,288,1,lobo,18,0,,M-PX4,sockets,,
99,fchmod,91,1,pacman,18,0,,M-PX5,files,,
100,mlock,149,1,pacman,16,0,,M-PX5,process and memory,,
101,setregid,114,1,sshd,16,0,,net,process and memory,,
102,epoll_ctl,233,1,lobo,15,0,,M-PX4,sockets,,
103,setitimer,38,1,sshd,14,0,,net,time,,
104,setsid,112,1,sshd,14,0,,net,process and memory,,
105,keyctl,250,1,sshd,12,0,,net,process and memory,,
106,setreuid,113,1,sshd,12,0,,net,process and memory,,
107,accept,43,1,sshd,10,0,,net,sockets,,
108,chroot,161,1,sshd,10,0,,net,process and memory,,
109,epoll_wait,232,1,lobo,10,0,,M-PX4,sockets,,
110,fchdir,81,1,pacman,10,0,,M-PX5,files,,
111,vfork,58,1,shell,7,0,,M-PX5,process and memory,,
112,sysinfo,99,1,cc,6,0,,M-PX5,process and memory,,
113,epoll_create1,291,1,lobo,5,0,,M-PX4,sockets,,
114,fchmodat2,452,1,pacman,4,4,EOPNOTSUPP:4,M-PX5,files,,
115,getpriority,140,1,sshd,4,0,,net,process and memory,,
116,rmdir,84,1,pacman,4,0,,M-PX5,files,,
117,setpriority,141,1,sshd,4,0,,net,process and memory,,
118,symlink,88,1,pacman,4,0,,M-PX5,files,,
119,unlinkat,263,1,cc,4,0,,M-PX5,files,,
120,alarm,37,1,sshd,3,0,,net,time,,
121,setpgid,109,1,shell,3,0,,M-PX5,process and memory,,
122,clock_gettime,228,1,boreutils,2,0,,M-PX3,time,tolerated,
123,fsync,74,1,pacman,2,0,,M-PX5,files,,
124,name_to_handle_at,303,1,pacman,2,0,,M-PX5,files,,
125,rt_sigsuspend,130,1,shell,2,2,ERESTARTNOHAND:2,M-PX5,signals,,
126,sendmsg,46,1,sshd,2,0,,net,sockets,,
127,tee,276,1,shell,1,0,,M-PX5,files,,
