subject,vdso,clock_gettime,gettimeofday,time,getcpu,clock_getres,getrandom,exitcode,stdout16
bore-static-seq,present,0,0,0,0,0,2,0,67d4ff71d43921d5
bore-static-seq,hidden,0,0,0,0,0,2,0,67d4ff71d43921d5
bore-static-sort,present,0,0,0,0,0,3,0,93c2e1270ef278a5
bore-static-sort,hidden,0,0,0,0,0,3,0,93c2e1270ef278a5
bore-static-sleep,present,0,0,0,0,0,2,0,e3b0c44298fc1c14
bore-static-sleep,hidden,0,0,0,0,0,2,0,e3b0c44298fc1c14
bore-dyn-seq,present,0,0,0,0,0,2,0,67d4ff71d43921d5
bore-dyn-seq,hidden,0,0,0,0,0,2,0,67d4ff71d43921d5
bore-dyn-sort,present,0,0,0,0,0,3,0,93c2e1270ef278a5
bore-dyn-sort,hidden,0,0,0,0,0,3,0,93c2e1270ef278a5
bore-dyn-sleep,present,0,0,0,0,0,2,0,e3b0c44298fc1c14
bore-dyn-sleep,hidden,0,0,0,0,0,2,0,e3b0c44298fc1c14
lobo-t,present,0,0,0,0,0,2,0,e3b0c44298fc1c14
lobo-t,hidden,0,0,0,0,0,2,0,e3b0c44298fc1c14
dash,present,0,0,0,0,0,2,0,8f1d8a9906b9c8f3
dash,hidden,0,0,0,0,0,2,0,8f1d8a9906b9c8f3
bash,present,0,0,0,0,0,2,0,8f1d8a9906b9c8f3
bash,hidden,0,3,0,0,0,2,0,8f1d8a9906b9c8f3
pacman,present,0,0,0,0,0,2,0,223c37bcea4d6d19
pacman,hidden,2,0,0,0,0,2,0,223c37bcea4d6d19
make,present,0,0,0,0,0,2,0,cb84250d99423427
make,hidden,0,0,0,0,0,2,0,cb84250d99423427
curl,present,0,0,0,0,0,3,0,bf50d2d6181ba34d
curl,hidden,155,7,38,0,0,3,0,bf50d2d6181ba34d
sshd-t,present,0,0,0,0,0,4,0,e3b0c44298fc1c14
sshd-t,hidden,1,0,1,0,0,12,0,e3b0c44298fc1c14
